Timestamp, Repetition, n, Executable, Iterations, CPU Time (ns)
Fri 26 Jun 13:15:54 BST 2020, 1, 1, composition_rust_cooperman_ma_128KB, 65536, 16243550
Fri 26 Jun 13:15:55 BST 2020, 1, 1, composition_rust_cooperman_ma_16KB, 32768, 10653231
Fri 26 Jun 13:15:55 BST 2020, 1, 1, composition_rust_cooperman_ma_16MB, 65536, 19027364
Fri 26 Jun 13:15:55 BST 2020, 1, 1, composition_rust_cooperman_ma_1MB, 32768, 10878013
Fri 26 Jun 13:15:56 BST 2020, 1, 1, composition_rust_cooperman_ma_256KB, 32768, 10725040
Fri 26 Jun 13:15:56 BST 2020, 1, 1, composition_rust_cooperman_ma_2MB, 32768, 10849976
Fri 26 Jun 13:15:57 BST 2020, 1, 1, composition_rust_cooperman_ma_32KB, 32768, 10696819
Fri 26 Jun 13:15:57 BST 2020, 1, 1, composition_rust_cooperman_ma_4MB, 32768, 10833718
Fri 26 Jun 13:15:57 BST 2020, 1, 1, composition_rust_cooperman_ma_512KB, 32768, 10660292
Fri 26 Jun 13:15:58 BST 2020, 1, 1, composition_rust_cooperman_ma_64KB, 32768, 10556599
Fri 26 Jun 13:15:58 BST 2020, 1, 1, composition_rust_cooperman_ma_8MB, 32768, 11032139
Fri 26 Jun 13:15:59 BST 2020, 1, 1, composition_rust_naive, 1048576, 10093284
Fri 26 Jun 13:15:59 BST 2020, 1, 2, composition_rust_cooperman_ma_128KB, 32768, 11139476
Fri 26 Jun 13:15:59 BST 2020, 1, 2, composition_rust_cooperman_ma_16KB, 32768, 11026570
Fri 26 Jun 13:16:00 BST 2020, 1, 2, composition_rust_cooperman_ma_16MB, 32768, 11230040
Fri 26 Jun 13:16:00 BST 2020, 1, 2, composition_rust_cooperman_ma_1MB, 32768, 11320635
Fri 26 Jun 13:16:01 BST 2020, 1, 2, composition_rust_cooperman_ma_256KB, 32768, 11051929
Fri 26 Jun 13:16:01 BST 2020, 1, 2, composition_rust_cooperman_ma_2MB, 32768, 11224904
Fri 26 Jun 13:16:01 BST 2020, 1, 2, composition_rust_cooperman_ma_32KB, 32768, 11053267
Fri 26 Jun 13:16:02 BST 2020, 1, 2, composition_rust_cooperman_ma_4MB, 32768, 11255335
Fri 26 Jun 13:16:02 BST 2020, 1, 2, composition_rust_cooperman_ma_512KB, 32768, 11055242
Fri 26 Jun 13:16:03 BST 2020, 1, 2, composition_rust_cooperman_ma_64KB, 32768, 11245834
Fri 26 Jun 13:16:03 BST 2020, 1, 2, composition_rust_cooperman_ma_8MB, 32768, 11171125
Fri 26 Jun 13:16:04 BST 2020, 1, 2, composition_rust_naive, 1048576, 13692545
Fri 26 Jun 13:16:04 BST 2020, 1, 4, composition_rust_cooperman_ma_128KB, 32768, 12083846
Fri 26 Jun 13:16:04 BST 2020, 1, 4, composition_rust_cooperman_ma_16KB, 32768, 12061708
Fri 26 Jun 13:16:05 BST 2020, 1, 4, composition_rust_cooperman_ma_16MB, 32768, 12841486
Fri 26 Jun 13:16:05 BST 2020, 1, 4, composition_rust_cooperman_ma_1MB, 32768, 12248598
Fri 26 Jun 13:16:06 BST 2020, 1, 4, composition_rust_cooperman_ma_256KB, 32768, 12537177
Fri 26 Jun 13:16:06 BST 2020, 1, 4, composition_rust_cooperman_ma_2MB, 32768, 12167390
Fri 26 Jun 13:16:06 BST 2020, 1, 4, composition_rust_cooperman_ma_32KB, 32768, 12143947
Fri 26 Jun 13:16:07 BST 2020, 1, 4, composition_rust_cooperman_ma_4MB, 32768, 13537474
Fri 26 Jun 13:16:07 BST 2020, 1, 4, composition_rust_cooperman_ma_512KB, 32768, 12119912
Fri 26 Jun 13:16:08 BST 2020, 1, 4, composition_rust_cooperman_ma_64KB, 32768, 12549136
Fri 26 Jun 13:16:08 BST 2020, 1, 4, composition_rust_cooperman_ma_8MB, 32768, 12224822
Fri 26 Jun 13:16:09 BST 2020, 1, 4, composition_rust_naive, 1048576, 13733450
Fri 26 Jun 13:16:09 BST 2020, 1, 8, composition_rust_cooperman_ma_128KB, 32768, 13998275
Fri 26 Jun 13:16:09 BST 2020, 1, 8, composition_rust_cooperman_ma_16KB, 32768, 13900351
Fri 26 Jun 13:16:10 BST 2020, 1, 8, composition_rust_cooperman_ma_16MB, 32768, 12523660
Fri 26 Jun 13:16:10 BST 2020, 1, 8, composition_rust_cooperman_ma_1MB, 32768, 14085282
Fri 26 Jun 13:16:11 BST 2020, 1, 8, composition_rust_cooperman_ma_256KB, 32768, 14277419
Fri 26 Jun 13:16:11 BST 2020, 1, 8, composition_rust_cooperman_ma_2MB, 32768, 14171319
Fri 26 Jun 13:16:11 BST 2020, 1, 8, composition_rust_cooperman_ma_32KB, 32768, 14045514
Fri 26 Jun 13:16:12 BST 2020, 1, 8, composition_rust_cooperman_ma_4MB, 32768, 14165643
Fri 26 Jun 13:16:12 BST 2020, 1, 8, composition_rust_cooperman_ma_512KB, 32768, 13973348
Fri 26 Jun 13:16:13 BST 2020, 1, 8, composition_rust_cooperman_ma_64KB, 32768, 14004989
Fri 26 Jun 13:16:13 BST 2020, 1, 8, composition_rust_cooperman_ma_8MB, 32768, 14125926
Fri 26 Jun 13:16:14 BST 2020, 1, 8, composition_rust_naive, 1048576, 16983662
Fri 26 Jun 13:16:14 BST 2020, 1, 16, composition_rust_cooperman_ma_128KB, 16384, 14483398
Fri 26 Jun 13:16:14 BST 2020, 1, 16, composition_rust_cooperman_ma_16KB, 16384, 14561560
Fri 26 Jun 13:16:15 BST 2020, 1, 16, composition_rust_cooperman_ma_16MB, 16384, 14788232
Fri 26 Jun 13:16:15 BST 2020, 1, 16, composition_rust_cooperman_ma_1MB, 16384, 14934614
Fri 26 Jun 13:16:15 BST 2020, 1, 16, composition_rust_cooperman_ma_256KB, 16384, 14599694
Fri 26 Jun 13:16:16 BST 2020, 1, 16, composition_rust_cooperman_ma_2MB, 16384, 14628828
Fri 26 Jun 13:16:16 BST 2020, 1, 16, composition_rust_cooperman_ma_32KB, 16384, 14531505
Fri 26 Jun 13:16:17 BST 2020, 1, 16, composition_rust_cooperman_ma_4MB, 16384, 14640527
Fri 26 Jun 13:16:17 BST 2020, 1, 16, composition_rust_cooperman_ma_512KB, 16384, 14473670
Fri 26 Jun 13:16:17 BST 2020, 1, 16, composition_rust_cooperman_ma_64KB, 16384, 14592938
Fri 26 Jun 13:16:18 BST 2020, 1, 16, composition_rust_cooperman_ma_8MB, 16384, 14789203
Fri 26 Jun 13:16:18 BST 2020, 1, 16, composition_rust_naive, 524288, 13290322
Fri 26 Jun 13:16:19 BST 2020, 1, 32, composition_rust_cooperman_ma_128KB, 16384, 18767196
Fri 26 Jun 13:16:19 BST 2020, 1, 32, composition_rust_cooperman_ma_16KB, 16384, 19080967
Fri 26 Jun 13:16:19 BST 2020, 1, 32, composition_rust_cooperman_ma_16MB, 16384, 19023246
Fri 26 Jun 13:16:20 BST 2020, 1, 32, composition_rust_cooperman_ma_1MB, 16384, 19121591
Fri 26 Jun 13:16:20 BST 2020, 1, 32, composition_rust_cooperman_ma_256KB, 16384, 18866621
Fri 26 Jun 13:16:21 BST 2020, 1, 32, composition_rust_cooperman_ma_2MB, 16384, 19090846
Fri 26 Jun 13:16:21 BST 2020, 1, 32, composition_rust_cooperman_ma_32KB, 16384, 19046475
Fri 26 Jun 13:16:21 BST 2020, 1, 32, composition_rust_cooperman_ma_4MB, 16384, 18978753
Fri 26 Jun 13:16:22 BST 2020, 1, 32, composition_rust_cooperman_ma_512KB, 16384, 19079823
Fri 26 Jun 13:16:22 BST 2020, 1, 32, composition_rust_cooperman_ma_64KB, 16384, 18953905
Fri 26 Jun 13:16:23 BST 2020, 1, 32, composition_rust_cooperman_ma_8MB, 16384, 18510149
Fri 26 Jun 13:16:23 BST 2020, 1, 32, composition_rust_naive, 262144, 10548343
Fri 26 Jun 13:16:23 BST 2020, 1, 64, composition_rust_cooperman_ma_128KB, 8192, 13536425
Fri 26 Jun 13:16:24 BST 2020, 1, 64, composition_rust_cooperman_ma_16KB, 8192, 13703660
Fri 26 Jun 13:16:24 BST 2020, 1, 64, composition_rust_cooperman_ma_16MB, 8192, 13790945
Fri 26 Jun 13:16:24 BST 2020, 1, 64, composition_rust_cooperman_ma_1MB, 8192, 13905932
Fri 26 Jun 13:16:25 BST 2020, 1, 64, composition_rust_cooperman_ma_256KB, 8192, 13835424
Fri 26 Jun 13:16:25 BST 2020, 1, 64, composition_rust_cooperman_ma_2MB, 8192, 13776981
Fri 26 Jun 13:16:26 BST 2020, 1, 64, composition_rust_cooperman_ma_32KB, 8192, 13721261
Fri 26 Jun 13:16:26 BST 2020, 1, 64, composition_rust_cooperman_ma_4MB, 8192, 13711158
Fri 26 Jun 13:16:26 BST 2020, 1, 64, composition_rust_cooperman_ma_512KB, 8192, 13647086
Fri 26 Jun 13:16:27 BST 2020, 1, 64, composition_rust_cooperman_ma_64KB, 8192, 13593354
Fri 26 Jun 13:16:27 BST 2020, 1, 64, composition_rust_cooperman_ma_8MB, 8192, 13710317
Fri 26 Jun 13:16:27 BST 2020, 1, 64, composition_rust_naive, 131072, 10399168
Fri 26 Jun 13:16:28 BST 2020, 1, 128, composition_rust_cooperman_ma_128KB, 4096, 11260229
Fri 26 Jun 13:16:28 BST 2020, 1, 128, composition_rust_cooperman_ma_16KB, 4096, 11269264
Fri 26 Jun 13:16:28 BST 2020, 1, 128, composition_rust_cooperman_ma_16MB, 4096, 11252901
Fri 26 Jun 13:16:29 BST 2020, 1, 128, composition_rust_cooperman_ma_1MB, 4096, 11272982
Fri 26 Jun 13:16:29 BST 2020, 1, 128, composition_rust_cooperman_ma_256KB, 4096, 11218448
Fri 26 Jun 13:16:29 BST 2020, 1, 128, composition_rust_cooperman_ma_2MB, 4096, 11359847
Fri 26 Jun 13:16:30 BST 2020, 1, 128, composition_rust_cooperman_ma_32KB, 4096, 11192797
Fri 26 Jun 13:16:30 BST 2020, 1, 128, composition_rust_cooperman_ma_4MB, 4096, 11366704
Fri 26 Jun 13:16:30 BST 2020, 1, 128, composition_rust_cooperman_ma_512KB, 4096, 11008718
Fri 26 Jun 13:16:31 BST 2020, 1, 128, composition_rust_cooperman_ma_64KB, 4096, 10973958
Fri 26 Jun 13:16:31 BST 2020, 1, 128, composition_rust_cooperman_ma_8MB, 4096, 11033595
Fri 26 Jun 13:16:32 BST 2020, 1, 128, composition_rust_naive, 65536, 11073177
Fri 26 Jun 13:16:32 BST 2020, 1, 256, composition_rust_cooperman_ma_128KB, 2048, 12465470
Fri 26 Jun 13:16:32 BST 2020, 1, 256, composition_rust_cooperman_ma_16KB, 2048, 12728192
Fri 26 Jun 13:16:32 BST 2020, 1, 256, composition_rust_cooperman_ma_16MB, 2048, 12874241
Fri 26 Jun 13:16:33 BST 2020, 1, 256, composition_rust_cooperman_ma_1MB, 2048, 12707609
Fri 26 Jun 13:16:33 BST 2020, 1, 256, composition_rust_cooperman_ma_256KB, 2048, 12730252
Fri 26 Jun 13:16:33 BST 2020, 1, 256, composition_rust_cooperman_ma_2MB, 2048, 11165050
Fri 26 Jun 13:16:34 BST 2020, 1, 256, composition_rust_cooperman_ma_32KB, 2048, 12821411
Fri 26 Jun 13:16:34 BST 2020, 1, 256, composition_rust_cooperman_ma_4MB, 2048, 12813671
Fri 26 Jun 13:16:34 BST 2020, 1, 256, composition_rust_cooperman_ma_512KB, 2048, 12813572
Fri 26 Jun 13:16:35 BST 2020, 1, 256, composition_rust_cooperman_ma_64KB, 2048, 12807241
Fri 26 Jun 13:16:35 BST 2020, 1, 256, composition_rust_cooperman_ma_8MB, 2048, 12640738
Fri 26 Jun 13:16:35 BST 2020, 1, 256, composition_rust_naive, 32768, 10437494
Fri 26 Jun 13:16:36 BST 2020, 1, 512, composition_rust_cooperman_ma_128KB, 1024, 12446405
Fri 26 Jun 13:16:36 BST 2020, 1, 512, composition_rust_cooperman_ma_16KB, 1024, 12146258
Fri 26 Jun 13:16:36 BST 2020, 1, 512, composition_rust_cooperman_ma_16MB, 1024, 12267454
Fri 26 Jun 13:16:37 BST 2020, 1, 512, composition_rust_cooperman_ma_1MB, 1024, 12430206
Fri 26 Jun 13:16:37 BST 2020, 1, 512, composition_rust_cooperman_ma_256KB, 1024, 12150611
Fri 26 Jun 13:16:37 BST 2020, 1, 512, composition_rust_cooperman_ma_2MB, 1024, 12296908
Fri 26 Jun 13:16:37 BST 2020, 1, 512, composition_rust_cooperman_ma_32KB, 1024, 12085342
Fri 26 Jun 13:16:38 BST 2020, 1, 512, composition_rust_cooperman_ma_4MB, 1024, 12361599
Fri 26 Jun 13:16:38 BST 2020, 1, 512, composition_rust_cooperman_ma_512KB, 1024, 12399332
Fri 26 Jun 13:16:38 BST 2020, 1, 512, composition_rust_cooperman_ma_64KB, 1024, 12405122
Fri 26 Jun 13:16:39 BST 2020, 1, 512, composition_rust_cooperman_ma_8MB, 1024, 12314283
Fri 26 Jun 13:16:39 BST 2020, 1, 512, composition_rust_naive, 32768, 19856101
Fri 26 Jun 13:16:39 BST 2020, 1, 1024, composition_rust_cooperman_ma_128KB, 512, 12132870
Fri 26 Jun 13:16:40 BST 2020, 1, 1024, composition_rust_cooperman_ma_16KB, 512, 12181707
Fri 26 Jun 13:16:40 BST 2020, 1, 1024, composition_rust_cooperman_ma_16MB, 512, 12138400
Fri 26 Jun 13:16:40 BST 2020, 1, 1024, composition_rust_cooperman_ma_1MB, 512, 12081118
Fri 26 Jun 13:16:40 BST 2020, 1, 1024, composition_rust_cooperman_ma_256KB, 512, 12376418
Fri 26 Jun 13:16:41 BST 2020, 1, 1024, composition_rust_cooperman_ma_2MB, 512, 12163382
Fri 26 Jun 13:16:41 BST 2020, 1, 1024, composition_rust_cooperman_ma_32KB, 512, 10675410
Fri 26 Jun 13:16:41 BST 2020, 1, 1024, composition_rust_cooperman_ma_4MB, 512, 12187308
Fri 26 Jun 13:16:42 BST 2020, 1, 1024, composition_rust_cooperman_ma_512KB, 512, 12116295
Fri 26 Jun 13:16:42 BST 2020, 1, 1024, composition_rust_cooperman_ma_64KB, 512, 12197568
Fri 26 Jun 13:16:42 BST 2020, 1, 1024, composition_rust_cooperman_ma_8MB, 512, 12165556
Fri 26 Jun 13:16:42 BST 2020, 1, 1024, composition_rust_naive, 8192, 16199270
Fri 26 Jun 13:16:43 BST 2020, 1, 2048, composition_rust_cooperman_ma_128KB, 256, 12152852
Fri 26 Jun 13:16:43 BST 2020, 1, 2048, composition_rust_cooperman_ma_16KB, 512, 18047218
Fri 26 Jun 13:16:43 BST 2020, 1, 2048, composition_rust_cooperman_ma_16MB, 256, 12163233
Fri 26 Jun 13:16:44 BST 2020, 1, 2048, composition_rust_cooperman_ma_1MB, 256, 10604932
Fri 26 Jun 13:16:44 BST 2020, 1, 2048, composition_rust_cooperman_ma_256KB, 256, 12266743
Fri 26 Jun 13:16:44 BST 2020, 1, 2048, composition_rust_cooperman_ma_2MB, 256, 12159698
Fri 26 Jun 13:16:44 BST 2020, 1, 2048, composition_rust_cooperman_ma_32KB, 256, 12137394
Fri 26 Jun 13:16:45 BST 2020, 1, 2048, composition_rust_cooperman_ma_4MB, 256, 12157276
Fri 26 Jun 13:16:45 BST 2020, 1, 2048, composition_rust_cooperman_ma_512KB, 256, 12047911
Fri 26 Jun 13:16:45 BST 2020, 1, 2048, composition_rust_cooperman_ma_64KB, 256, 12201755
Fri 26 Jun 13:16:45 BST 2020, 1, 2048, composition_rust_cooperman_ma_8MB, 256, 12144830
Fri 26 Jun 13:16:46 BST 2020, 1, 2048, composition_rust_naive, 2048, 10769734
Fri 26 Jun 13:16:46 BST 2020, 1, 4096, composition_rust_cooperman_ma_128KB, 128, 12453145
Fri 26 Jun 13:16:46 BST 2020, 1, 4096, composition_rust_cooperman_ma_16KB, 256, 14546813
Fri 26 Jun 13:16:46 BST 2020, 1, 4096, composition_rust_cooperman_ma_16MB, 128, 12422167
Fri 26 Jun 13:16:47 BST 2020, 1, 4096, composition_rust_cooperman_ma_1MB, 128, 12507937
Fri 26 Jun 13:16:47 BST 2020, 1, 4096, composition_rust_cooperman_ma_256KB, 128, 12372539
Fri 26 Jun 13:16:47 BST 2020, 1, 4096, composition_rust_cooperman_ma_2MB, 128, 12311931
Fri 26 Jun 13:16:47 BST 2020, 1, 4096, composition_rust_cooperman_ma_32KB, 256, 18720792
Fri 26 Jun 13:16:48 BST 2020, 1, 4096, composition_rust_cooperman_ma_4MB, 128, 12412568
Fri 26 Jun 13:16:48 BST 2020, 1, 4096, composition_rust_cooperman_ma_512KB, 128, 10887930
Fri 26 Jun 13:16:48 BST 2020, 1, 4096, composition_rust_cooperman_ma_64KB, 128, 10891056
Fri 26 Jun 13:16:48 BST 2020, 1, 4096, composition_rust_cooperman_ma_8MB, 128, 12376439
Fri 26 Jun 13:16:49 BST 2020, 1, 4096, composition_rust_naive, 1024, 15176880
Fri 26 Jun 13:16:49 BST 2020, 1, 8192, composition_rust_cooperman_ma_128KB, 64, 12834499
Fri 26 Jun 13:16:49 BST 2020, 1, 8192, composition_rust_cooperman_ma_16KB, 128, 15608151
Fri 26 Jun 13:16:49 BST 2020, 1, 8192, composition_rust_cooperman_ma_16MB, 64, 12736061
Fri 26 Jun 13:16:50 BST 2020, 1, 8192, composition_rust_cooperman_ma_1MB, 64, 12363734
Fri 26 Jun 13:16:50 BST 2020, 1, 8192, composition_rust_cooperman_ma_256KB, 64, 11170580
Fri 26 Jun 13:16:50 BST 2020, 1, 8192, composition_rust_cooperman_ma_2MB, 64, 11186111
Fri 26 Jun 13:16:50 BST 2020, 1, 8192, composition_rust_cooperman_ma_32KB, 128, 13554189
Fri 26 Jun 13:16:51 BST 2020, 1, 8192, composition_rust_cooperman_ma_4MB, 64, 11167126
Fri 26 Jun 13:16:51 BST 2020, 1, 8192, composition_rust_cooperman_ma_512KB, 64, 12772929
Fri 26 Jun 13:16:51 BST 2020, 1, 8192, composition_rust_cooperman_ma_64KB, 128, 19042284
Fri 26 Jun 13:16:51 BST 2020, 1, 8192, composition_rust_cooperman_ma_8MB, 64, 12691538
Fri 26 Jun 13:16:52 BST 2020, 1, 8192, composition_rust_naive, 512, 17436797
Fri 26 Jun 13:16:52 BST 2020, 1, 16384, composition_rust_cooperman_ma_128KB, 64, 16801081
Fri 26 Jun 13:16:52 BST 2020, 1, 16384, composition_rust_cooperman_ma_16KB, 64, 16967973
Fri 26 Jun 13:16:52 BST 2020, 1, 16384, composition_rust_cooperman_ma_16MB, 32, 10449673
Fri 26 Jun 13:16:53 BST 2020, 1, 16384, composition_rust_cooperman_ma_1MB, 32, 11757480
Fri 26 Jun 13:16:53 BST 2020, 1, 16384, composition_rust_cooperman_ma_256KB, 32, 10315024
Fri 26 Jun 13:16:53 BST 2020, 1, 16384, composition_rust_cooperman_ma_2MB, 64, 18102875
Fri 26 Jun 13:16:53 BST 2020, 1, 16384, composition_rust_cooperman_ma_32KB, 64, 12062415
Fri 26 Jun 13:16:54 BST 2020, 1, 16384, composition_rust_cooperman_ma_4MB, 64, 21276964
Fri 26 Jun 13:16:54 BST 2020, 1, 16384, composition_rust_cooperman_ma_512KB, 32, 10428734
Fri 26 Jun 13:16:54 BST 2020, 1, 16384, composition_rust_cooperman_ma_64KB, 64, 15639189
Fri 26 Jun 13:16:54 BST 2020, 1, 16384, composition_rust_cooperman_ma_8MB, 32, 11867842
Fri 26 Jun 13:16:55 BST 2020, 1, 16384, composition_rust_naive, 256, 18824885
Fri 26 Jun 13:16:55 BST 2020, 1, 32768, composition_rust_cooperman_ma_128KB, 32, 15649869
Fri 26 Jun 13:16:55 BST 2020, 1, 32768, composition_rust_cooperman_ma_16KB, 16, 12079027
Fri 26 Jun 13:16:55 BST 2020, 1, 32768, composition_rust_cooperman_ma_16MB, 32, 18157650
Fri 26 Jun 13:16:56 BST 2020, 1, 32768, composition_rust_cooperman_ma_1MB, 32, 21620028
Fri 26 Jun 13:16:56 BST 2020, 1, 32768, composition_rust_cooperman_ma_256KB, 32, 18925892
Fri 26 Jun 13:16:56 BST 2020, 1, 32768, composition_rust_cooperman_ma_2MB, 32, 15945011
Fri 26 Jun 13:16:57 BST 2020, 1, 32768, composition_rust_cooperman_ma_32KB, 64, 29809478
Fri 26 Jun 13:16:57 BST 2020, 1, 32768, composition_rust_cooperman_ma_4MB, 32, 17938311
Fri 26 Jun 13:16:57 BST 2020, 1, 32768, composition_rust_cooperman_ma_512KB, 16, 10970823
Fri 26 Jun 13:16:57 BST 2020, 1, 32768, composition_rust_cooperman_ma_64KB, 64, 15573158
Fri 26 Jun 13:16:58 BST 2020, 1, 32768, composition_rust_cooperman_ma_8MB, 16, 10690896
Fri 26 Jun 13:16:58 BST 2020, 1, 32768, composition_rust_naive, 128, 16894657
Fri 26 Jun 13:16:58 BST 2020, 1, 65536, composition_rust_cooperman_ma_128KB, 16, 13938975
Fri 26 Jun 13:16:59 BST 2020, 1, 65536, composition_rust_cooperman_ma_16KB, 16, 23855282
Fri 26 Jun 13:16:59 BST 2020, 1, 65536, composition_rust_cooperman_ma_16MB, 16, 22628156
Fri 26 Jun 13:16:59 BST 2020, 1, 65536, composition_rust_cooperman_ma_1MB, 16, 12548932
Fri 26 Jun 13:16:59 BST 2020, 1, 65536, composition_rust_cooperman_ma_256KB, 32, 17694126
Fri 26 Jun 13:17:00 BST 2020, 1, 65536, composition_rust_cooperman_ma_2MB, 8, 10649415
Fri 26 Jun 13:17:00 BST 2020, 1, 65536, composition_rust_cooperman_ma_32KB, 8, 10492576
Fri 26 Jun 13:17:00 BST 2020, 1, 65536, composition_rust_cooperman_ma_4MB, 16, 12592141
Fri 26 Jun 13:17:00 BST 2020, 1, 65536, composition_rust_cooperman_ma_512KB, 16, 18975938
Fri 26 Jun 13:17:01 BST 2020, 1, 65536, composition_rust_cooperman_ma_64KB, 16, 16230447
Fri 26 Jun 13:17:01 BST 2020, 1, 65536, composition_rust_cooperman_ma_8MB, 8, 11069832
Fri 26 Jun 13:17:01 BST 2020, 1, 65536, composition_rust_naive, 64, 19281385
Fri 26 Jun 13:17:02 BST 2020, 1, 131072, composition_rust_cooperman_ma_128KB, 8, 12206597
Fri 26 Jun 13:17:02 BST 2020, 1, 131072, composition_rust_cooperman_ma_16KB, 4, 10627508
Fri 26 Jun 13:17:02 BST 2020, 1, 131072, composition_rust_cooperman_ma_16MB, 4, 11111031
Fri 26 Jun 13:17:02 BST 2020, 1, 131072, composition_rust_cooperman_ma_1MB, 8, 13887232
Fri 26 Jun 13:17:03 BST 2020, 1, 131072, composition_rust_cooperman_ma_256KB, 8, 11583966
Fri 26 Jun 13:17:03 BST 2020, 1, 131072, composition_rust_cooperman_ma_2MB, 8, 21496582
Fri 26 Jun 13:17:03 BST 2020, 1, 131072, composition_rust_cooperman_ma_32KB, 8, 21377398
Fri 26 Jun 13:17:04 BST 2020, 1, 131072, composition_rust_cooperman_ma_4MB, 8, 14964300
Fri 26 Jun 13:17:04 BST 2020, 1, 131072, composition_rust_cooperman_ma_512KB, 8, 12215891
Fri 26 Jun 13:17:04 BST 2020, 1, 131072, composition_rust_cooperman_ma_64KB, 8, 12399811
Fri 26 Jun 13:17:04 BST 2020, 1, 131072, composition_rust_cooperman_ma_8MB, 8, 22117337
Fri 26 Jun 13:17:05 BST 2020, 1, 131072, composition_rust_naive, 32, 12698011
Fri 26 Jun 13:17:05 BST 2020, 1, 262144, composition_rust_cooperman_ma_128KB, 2, 10006944
Fri 26 Jun 13:17:05 BST 2020, 1, 262144, composition_rust_cooperman_ma_16KB, 2, 14241962
Fri 26 Jun 13:17:06 BST 2020, 1, 262144, composition_rust_cooperman_ma_16MB, 2, 11127370
Fri 26 Jun 13:17:06 BST 2020, 1, 262144, composition_rust_cooperman_ma_1MB, 2, 13280358
Fri 26 Jun 13:17:06 BST 2020, 1, 262144, composition_rust_cooperman_ma_256KB, 2, 10108531
Fri 26 Jun 13:17:06 BST 2020, 1, 262144, composition_rust_cooperman_ma_2MB, 2, 10957123
Fri 26 Jun 13:17:07 BST 2020, 1, 262144, composition_rust_cooperman_ma_32KB, 2, 12971243
Fri 26 Jun 13:17:07 BST 2020, 1, 262144, composition_rust_cooperman_ma_4MB, 2, 11921164
Fri 26 Jun 13:17:07 BST 2020, 1, 262144, composition_rust_cooperman_ma_512KB, 2, 10386420
Fri 26 Jun 13:17:07 BST 2020, 1, 262144, composition_rust_cooperman_ma_64KB, 2, 11569215
Fri 26 Jun 13:17:07 BST 2020, 1, 262144, composition_rust_cooperman_ma_8MB, 2, 11771568
Fri 26 Jun 13:17:08 BST 2020, 1, 262144, composition_rust_naive, 8, 10312685
Fri 26 Jun 13:17:08 BST 2020, 1, 524288, composition_rust_cooperman_ma_128KB, 1, 12432707
Fri 26 Jun 13:17:08 BST 2020, 1, 524288, composition_rust_cooperman_ma_16KB, 1, 16549002
Fri 26 Jun 13:17:08 BST 2020, 1, 524288, composition_rust_cooperman_ma_16MB, 1, 11774943
Fri 26 Jun 13:17:09 BST 2020, 1, 524288, composition_rust_cooperman_ma_1MB, 1, 11213355
Fri 26 Jun 13:17:09 BST 2020, 1, 524288, composition_rust_cooperman_ma_256KB, 1, 11654202
Fri 26 Jun 13:17:09 BST 2020, 1, 524288, composition_rust_cooperman_ma_2MB, 1, 11036491
Fri 26 Jun 13:17:09 BST 2020, 1, 524288, composition_rust_cooperman_ma_32KB, 1, 14190248
Fri 26 Jun 13:17:09 BST 2020, 1, 524288, composition_rust_cooperman_ma_4MB, 1, 11450762
Fri 26 Jun 13:17:10 BST 2020, 1, 524288, composition_rust_cooperman_ma_512KB, 1, 11409615
Fri 26 Jun 13:17:10 BST 2020, 1, 524288, composition_rust_cooperman_ma_64KB, 1, 13692093
Fri 26 Jun 13:17:10 BST 2020, 1, 524288, composition_rust_cooperman_ma_8MB, 1, 11710657
Fri 26 Jun 13:17:11 BST 2020, 1, 524288, composition_rust_naive, 4, 15063463
Fri 26 Jun 13:17:11 BST 2020, 1, 1048576, composition_rust_cooperman_ma_128KB, 1, 26103680
Fri 26 Jun 13:17:11 BST 2020, 1, 1048576, composition_rust_cooperman_ma_16KB, 1, 32552204
Fri 26 Jun 13:17:11 BST 2020, 1, 1048576, composition_rust_cooperman_ma_16MB, 1, 23789339
Fri 26 Jun 13:17:12 BST 2020, 1, 1048576, composition_rust_cooperman_ma_1MB, 1, 21547860
Fri 26 Jun 13:17:12 BST 2020, 1, 1048576, composition_rust_cooperman_ma_256KB, 1, 25093905
Fri 26 Jun 13:17:12 BST 2020, 1, 1048576, composition_rust_cooperman_ma_2MB, 1, 20582097
Fri 26 Jun 13:17:13 BST 2020, 1, 1048576, composition_rust_cooperman_ma_32KB, 1, 29837054
Fri 26 Jun 13:17:13 BST 2020, 1, 1048576, composition_rust_cooperman_ma_4MB, 1, 20650343
Fri 26 Jun 13:17:14 BST 2020, 1, 1048576, composition_rust_cooperman_ma_512KB, 1, 22693658
Fri 26 Jun 13:17:14 BST 2020, 1, 1048576, composition_rust_cooperman_ma_64KB, 1, 27364720
Fri 26 Jun 13:17:14 BST 2020, 1, 1048576, composition_rust_cooperman_ma_8MB, 1, 21209478
Fri 26 Jun 13:17:15 BST 2020, 1, 1048576, composition_rust_naive, 1, 11307732
Fri 26 Jun 13:17:15 BST 2020, 1, 2097152, composition_rust_cooperman_ma_128KB, 1, 54074193
Fri 26 Jun 13:17:16 BST 2020, 1, 2097152, composition_rust_cooperman_ma_16KB, 1, 68064674
Fri 26 Jun 13:17:16 BST 2020, 1, 2097152, composition_rust_cooperman_ma_16MB, 1, 43859070
Fri 26 Jun 13:17:17 BST 2020, 1, 2097152, composition_rust_cooperman_ma_1MB, 1, 44375242
Fri 26 Jun 13:17:18 BST 2020, 1, 2097152, composition_rust_cooperman_ma_256KB, 1, 50243699
Fri 26 Jun 13:17:18 BST 2020, 1, 2097152, composition_rust_cooperman_ma_2MB, 1, 39561844
Fri 26 Jun 13:17:19 BST 2020, 1, 2097152, composition_rust_cooperman_ma_32KB, 1, 61368360
Fri 26 Jun 13:17:20 BST 2020, 1, 2097152, composition_rust_cooperman_ma_4MB, 1, 40471282
Fri 26 Jun 13:17:20 BST 2020, 1, 2097152, composition_rust_cooperman_ma_512KB, 1, 46915306
Fri 26 Jun 13:17:21 BST 2020, 1, 2097152, composition_rust_cooperman_ma_64KB, 1, 56492582
Fri 26 Jun 13:17:22 BST 2020, 1, 2097152, composition_rust_cooperman_ma_8MB, 1, 41093429
Fri 26 Jun 13:17:22 BST 2020, 1, 2097152, composition_rust_naive, 1, 23294217
Fri 26 Jun 13:17:23 BST 2020, 1, 4194304, composition_rust_cooperman_ma_128KB, 1, 118450434
Fri 26 Jun 13:17:24 BST 2020, 1, 4194304, composition_rust_cooperman_ma_16KB, 1, 147353216
Fri 26 Jun 13:17:26 BST 2020, 1, 4194304, composition_rust_cooperman_ma_16MB, 1, 85881693
Fri 26 Jun 13:17:27 BST 2020, 1, 4194304, composition_rust_cooperman_ma_1MB, 1, 91950060
Fri 26 Jun 13:17:28 BST 2020, 1, 4194304, composition_rust_cooperman_ma_256KB, 1, 107481772
Fri 26 Jun 13:17:29 BST 2020, 1, 4194304, composition_rust_cooperman_ma_2MB, 1, 83845266
Fri 26 Jun 13:17:31 BST 2020, 1, 4194304, composition_rust_cooperman_ma_32KB, 1, 134640626
Fri 26 Jun 13:17:32 BST 2020, 1, 4194304, composition_rust_cooperman_ma_4MB, 1, 77696010
Fri 26 Jun 13:17:33 BST 2020, 1, 4194304, composition_rust_cooperman_ma_512KB, 1, 97350889
Fri 26 Jun 13:17:34 BST 2020, 1, 4194304, composition_rust_cooperman_ma_64KB, 1, 124720155
Fri 26 Jun 13:17:36 BST 2020, 1, 4194304, composition_rust_cooperman_ma_8MB, 1, 81538045
Fri 26 Jun 13:17:37 BST 2020, 1, 4194304, composition_rust_naive, 1, 47899626
Fri 26 Jun 13:17:38 BST 2020, 1, 8388608, composition_rust_cooperman_ma_128KB, 1, 270862856
Fri 26 Jun 13:17:41 BST 2020, 1, 8388608, composition_rust_cooperman_ma_16KB, 1, 328602231
Fri 26 Jun 13:17:43 BST 2020, 1, 8388608, composition_rust_cooperman_ma_16MB, 1, 175826974
Fri 26 Jun 13:17:46 BST 2020, 1, 8388608, composition_rust_cooperman_ma_1MB, 1, 187066099
Fri 26 Jun 13:17:48 BST 2020, 1, 8388608, composition_rust_cooperman_ma_256KB, 1, 241800206
Fri 26 Jun 13:17:51 BST 2020, 1, 8388608, composition_rust_cooperman_ma_2MB, 1, 178859483
Fri 26 Jun 13:17:53 BST 2020, 1, 8388608, composition_rust_cooperman_ma_32KB, 1, 308793574
Fri 26 Jun 13:17:56 BST 2020, 1, 8388608, composition_rust_cooperman_ma_4MB, 1, 172644194
Fri 26 Jun 13:17:58 BST 2020, 1, 8388608, composition_rust_cooperman_ma_512KB, 1, 203711675
Fri 26 Jun 13:18:01 BST 2020, 1, 8388608, composition_rust_cooperman_ma_64KB, 1, 288860555
Fri 26 Jun 13:18:03 BST 2020, 1, 8388608, composition_rust_cooperman_ma_8MB, 1, 162876054
Fri 26 Jun 13:18:06 BST 2020, 1, 8388608, composition_rust_naive, 1, 98406595
Fri 26 Jun 13:18:08 BST 2020, 1, 16777216, composition_rust_cooperman_ma_128KB, 1, 722965311
Fri 26 Jun 13:18:14 BST 2020, 1, 16777216, composition_rust_cooperman_ma_16KB, 1, 722228599
Fri 26 Jun 13:18:19 BST 2020, 1, 16777216, composition_rust_cooperman_ma_16MB, 1, 353847050
Fri 26 Jun 13:18:24 BST 2020, 1, 16777216, composition_rust_cooperman_ma_1MB, 1, 391052495
Fri 26 Jun 13:18:29 BST 2020, 1, 16777216, composition_rust_cooperman_ma_256KB, 1, 563008038
Fri 26 Jun 13:18:34 BST 2020, 1, 16777216, composition_rust_cooperman_ma_2MB, 1, 364249585
Fri 26 Jun 13:18:39 BST 2020, 1, 16777216, composition_rust_cooperman_ma_32KB, 1, 684772301
Fri 26 Jun 13:18:44 BST 2020, 1, 16777216, composition_rust_cooperman_ma_4MB, 1, 361956666
Fri 26 Jun 13:18:49 BST 2020, 1, 16777216, composition_rust_cooperman_ma_512KB, 1, 456276915
Fri 26 Jun 13:18:54 BST 2020, 1, 16777216, composition_rust_cooperman_ma_64KB, 1, 668002652
Fri 26 Jun 13:19:00 BST 2020, 1, 16777216, composition_rust_cooperman_ma_8MB, 1, 350979976
Fri 26 Jun 13:19:05 BST 2020, 1, 16777216, composition_rust_naive, 1, 196464351
Fri 26 Jun 13:19:10 BST 2020, 1, 33554432, composition_rust_cooperman_ma_128KB, 1, 1541358748
Fri 26 Jun 13:19:20 BST 2020, 1, 33554432, composition_rust_cooperman_ma_16KB, 1, 1560295143
Fri 26 Jun 13:19:31 BST 2020, 1, 33554432, composition_rust_cooperman_ma_16MB, 1, 772935553
Fri 26 Jun 13:19:41 BST 2020, 1, 33554432, composition_rust_cooperman_ma_1MB, 1, 877728804
Fri 26 Jun 13:19:51 BST 2020, 1, 33554432, composition_rust_cooperman_ma_256KB, 1, 1364637607
Fri 26 Jun 13:20:01 BST 2020, 1, 33554432, composition_rust_cooperman_ma_2MB, 1, 798813363
Fri 26 Jun 13:20:11 BST 2020, 1, 33554432, composition_rust_cooperman_ma_32KB, 1, 1529668522
Fri 26 Jun 13:20:21 BST 2020, 1, 33554432, composition_rust_cooperman_ma_4MB, 1, 776407817
Fri 26 Jun 13:20:31 BST 2020, 1, 33554432, composition_rust_cooperman_ma_512KB, 1, 1056524741
Fri 26 Jun 13:20:41 BST 2020, 1, 33554432, composition_rust_cooperman_ma_64KB, 1, 1502918960
Fri 26 Jun 13:20:52 BST 2020, 1, 33554432, composition_rust_cooperman_ma_8MB, 1, 762782142
Fri 26 Jun 13:21:01 BST 2020, 1, 33554432, composition_rust_naive, 1, 394182603
Fri 26 Jun 13:21:11 BST 2020, 1, 67108864, composition_rust_cooperman_ma_128KB, 1, 3506367295
Fri 26 Jun 13:21:33 BST 2020, 1, 67108864, composition_rust_cooperman_ma_16KB, 1, 3381164994
Fri 26 Jun 13:21:56 BST 2020, 1, 67108864, composition_rust_cooperman_ma_16MB, 1, 1643101340
Fri 26 Jun 13:22:15 BST 2020, 1, 67108864, composition_rust_cooperman_ma_1MB, 1, 2015948065
Fri 26 Jun 13:22:35 BST 2020, 1, 67108864, composition_rust_cooperman_ma_256KB, 1, 3173573423
Fri 26 Jun 13:22:57 BST 2020, 1, 67108864, composition_rust_cooperman_ma_2MB, 1, 1783397584
Fri 26 Jun 13:23:18 BST 2020, 1, 67108864, composition_rust_cooperman_ma_32KB, 1, 3203962427
Fri 26 Jun 13:23:39 BST 2020, 1, 67108864, composition_rust_cooperman_ma_4MB, 1, 1678219280
Fri 26 Jun 13:23:59 BST 2020, 1, 67108864, composition_rust_cooperman_ma_512KB, 1, 2481530936
Fri 26 Jun 13:24:21 BST 2020, 1, 67108864, composition_rust_cooperman_ma_64KB, 1, 3252940328
Fri 26 Jun 13:24:43 BST 2020, 1, 67108864, composition_rust_cooperman_ma_8MB, 1, 1606020121
Fri 26 Jun 13:25:02 BST 2020, 1, 67108864, composition_rust_naive, 1, 793848079
Fri 26 Jun 13:25:21 BST 2020, 1, 134217728, composition_rust_cooperman_ma_128KB, 1, 7201197448
Fri 26 Jun 13:26:06 BST 2020, 1, 134217728, composition_rust_cooperman_ma_16KB, 1, 6672015673
Fri 26 Jun 13:26:49 BST 2020, 1, 134217728, composition_rust_cooperman_ma_16MB, 1, 3454401400
Fri 26 Jun 13:27:28 BST 2020, 1, 134217728, composition_rust_cooperman_ma_1MB, 1, 4536887770
Fri 26 Jun 13:28:09 BST 2020, 1, 134217728, composition_rust_cooperman_ma_256KB, 1, 6495210003
Fri 26 Jun 13:28:51 BST 2020, 1, 134217728, composition_rust_cooperman_ma_2MB, 1, 3848683187
Fri 26 Jun 13:29:31 BST 2020, 1, 134217728, composition_rust_cooperman_ma_32KB, 1, 6605192062
Fri 26 Jun 13:30:14 BST 2020, 1, 134217728, composition_rust_cooperman_ma_4MB, 1, 3527024819
Fri 26 Jun 13:30:53 BST 2020, 1, 134217728, composition_rust_cooperman_ma_512KB, 1, 5632112885
Fri 26 Jun 13:31:34 BST 2020, 1, 134217728, composition_rust_cooperman_ma_64KB, 1, 6752635091
Fri 26 Jun 13:32:17 BST 2020, 1, 134217728, composition_rust_cooperman_ma_8MB, 1, 3401660752
Fri 26 Jun 13:32:57 BST 2020, 1, 134217728, composition_rust_naive, 1, 1581920577
Fri 26 Jun 13:33:35 BST 2020, 1, 268435456, composition_rust_cooperman_ma_128KB, 1, 15492063529
Fri 26 Jun 13:35:04 BST 2020, 1, 268435456, composition_rust_cooperman_ma_16KB, 1, 15880154362
Fri 26 Jun 13:36:33 BST 2020, 1, 268435456, composition_rust_cooperman_ma_16MB, 1, 7227103040
Fri 26 Jun 13:37:52 BST 2020, 1, 268435456, composition_rust_cooperman_ma_1MB, 1, 11548989617
Fri 26 Jun 13:39:16 BST 2020, 1, 268435456, composition_rust_cooperman_ma_256KB, 1, 13535981098
Fri 26 Jun 13:40:42 BST 2020, 1, 268435456, composition_rust_cooperman_ma_2MB, 1, 8585402509
Fri 26 Jun 13:42:03 BST 2020, 1, 268435456, composition_rust_cooperman_ma_32KB, 1, 13656875813
Fri 26 Jun 13:43:29 BST 2020, 1, 268435456, composition_rust_cooperman_ma_4MB, 1, 7965861946
Fri 26 Jun 13:44:51 BST 2020, 1, 268435456, composition_rust_cooperman_ma_512KB, 1, 12201441323
Fri 26 Jun 13:46:16 BST 2020, 1, 268435456, composition_rust_cooperman_ma_64KB, 1, 13921233285
Fri 26 Jun 13:47:44 BST 2020, 1, 268435456, composition_rust_cooperman_ma_8MB, 1, 7194867282
Fri 26 Jun 13:49:06 BST 2020, 1, 268435456, composition_rust_naive, 1, 3178794704
Fri 26 Jun 13:50:21 BST 2020, 1, 536870912, composition_rust_cooperman_ma_128KB, 1, 31369347609
Fri 26 Jun 13:53:25 BST 2020, 1, 536870912, composition_rust_cooperman_ma_16KB, 1, 30723296416
Fri 26 Jun 13:56:21 BST 2020, 1, 536870912, composition_rust_cooperman_ma_16MB, 1, 17551784371
Fri 26 Jun 13:59:06 BST 2020, 1, 536870912, composition_rust_cooperman_ma_1MB, 1, 24063010212
Fri 26 Jun 14:01:56 BST 2020, 1, 536870912, composition_rust_cooperman_ma_256KB, 1, 28456751833
Fri 26 Jun 14:04:50 BST 2020, 1, 536870912, composition_rust_cooperman_ma_2MB, 1, 21586012827
Fri 26 Jun 14:07:39 BST 2020, 1, 536870912, composition_rust_cooperman_ma_32KB, 1, 29813673584
Fri 26 Jun 14:10:36 BST 2020, 1, 536870912, composition_rust_cooperman_ma_4MB, 1, 19797021805
Fri 26 Jun 14:13:25 BST 2020, 1, 536870912, composition_rust_cooperman_ma_512KB, 1, 26611656816
Fri 26 Jun 14:16:16 BST 2020, 1, 536870912, composition_rust_cooperman_ma_64KB, 1, 29338953466
Fri 26 Jun 14:19:14 BST 2020, 1, 536870912, composition_rust_cooperman_ma_8MB, 1, 17294926166
Fri 26 Jun 14:21:55 BST 2020, 1, 536870912, composition_rust_naive, 1, 6505470732
Fri 26 Jun 14:24:27 BST 2020, 1, 1073741824, composition_rust_cooperman_ma_128KB, 1, 72529492868
Fri 26 Jun 14:30:41 BST 2020, 1, 1073741824, composition_rust_cooperman_ma_16KB, 1, 72671993435
Fri 26 Jun 14:36:45 BST 2020, 1, 1073741824, composition_rust_cooperman_ma_16MB, 1, 41048686790
Fri 26 Jun 14:42:14 BST 2020, 1, 1073741824, composition_rust_cooperman_ma_1MB, 1, 52462466605
Fri 26 Jun 14:48:09 BST 2020, 1, 1073741824, composition_rust_cooperman_ma_256KB, 1, 62930492664
Fri 26 Jun 14:54:04 BST 2020, 1, 1073741824, composition_rust_cooperman_ma_2MB, 1, 48943512447
Fri 26 Jun 14:59:40 BST 2020, 1, 1073741824, composition_rust_cooperman_ma_32KB, 1, 66294766475
Fri 26 Jun 15:05:34 BST 2020, 1, 1073741824, composition_rust_cooperman_ma_4MB, 1, 43845390745
Fri 26 Jun 15:11:12 BST 2020, 1, 1073741824, composition_rust_cooperman_ma_512KB, 1, 55432908891
Fri 26 Jun 15:17:09 BST 2020, 1, 1073741824, composition_rust_cooperman_ma_64KB, 1, 65924433314
Fri 26 Jun 15:23:10 BST 2020, 1, 1073741824, composition_rust_cooperman_ma_8MB, 1, 40522475465
Fri 26 Jun 15:28:45 BST 2020, 1, 1073741824, composition_rust_naive, 1, 13268043878
Fri 26 Jun 15:33:47 BST 2020, 1, 2147483648, composition_rust_cooperman_ma_128KB, 1, 143395345048
Fri 26 Jun 15:46:22 BST 2020, 1, 2147483648, composition_rust_cooperman_ma_16KB, 1, 290910014797
Fri 26 Jun 16:01:11 BST 2020, 1, 2147483648, composition_rust_cooperman_ma_16MB, 1, 151596073281
Fri 26 Jun 16:13:40 BST 2020, 1, 2147483648, composition_rust_cooperman_ma_1MB, 1, 288472788722
Fri 26 Jun 16:28:02 BST 2020, 1, 2147483648, composition_rust_cooperman_ma_256KB, 1, 138229401604
Fri 26 Jun 16:40:04 BST 2020, 1, 2147483648, composition_rust_cooperman_ma_2MB, 1, 117661146032
Fri 26 Jun 16:52:07 BST 2020, 1, 2147483648, composition_rust_cooperman_ma_32KB, 1, 206950223223
Fri 26 Jun 17:05:34 BST 2020, 1, 2147483648, composition_rust_cooperman_ma_4MB, 1, 100414147826
Fri 26 Jun 17:16:57 BST 2020, 1, 2147483648, composition_rust_cooperman_ma_512KB, 1, 204775489235
Fri 26 Jun 17:30:17 BST 2020, 1, 2147483648, composition_rust_cooperman_ma_64KB, 1, 143957897611
Fri 26 Jun 17:42:34 BST 2020, 1, 2147483648, composition_rust_cooperman_ma_8MB, 1, 210556733880
Fri 26 Jun 17:55:59 BST 2020, 1, 2147483648, composition_rust_naive, 1, 35935625297
Fri 26 Jun 18:06:29 BST 2020, 1, 4294967296, composition_rust_cooperman_ma_128KB, 1, 694104670305
Fri 26 Jun 18:38:36 BST 2020, 1, 4294967296, composition_rust_cooperman_ma_16KB, 1, 1269195898440
Fri 26 Jun 19:20:04 BST 2020, 1, 4294967296, composition_rust_cooperman_ma_16MB, 1, 643827224997
Fri 26 Jun 19:50:08 BST 2020, 1, 4294967296, composition_rust_cooperman_ma_1MB, 1, 752051400798
Fri 26 Jun 20:22:52 BST 2020, 1, 4294967296, composition_rust_cooperman_ma_256KB, 1, 933049662986
Fri 26 Jun 20:59:08 BST 2020, 1, 4294967296, composition_rust_cooperman_ma_2MB, 1, 1007502103822
Fri 26 Jun 21:36:40 BST 2020, 1, 4294967296, composition_rust_cooperman_ma_32KB, 1, 895469407531
Fri 26 Jun 22:12:23 BST 2020, 1, 4294967296, composition_rust_cooperman_ma_4MB, 1, 1096236490787
Fri 26 Jun 22:50:54 BST 2020, 1, 4294967296, composition_rust_cooperman_ma_512KB, 1, 491253580867
Fri 26 Jun 23:18:58 BST 2020, 1, 4294967296, composition_rust_cooperman_ma_64KB, 1, 955691819724
Fri 26 Jun 23:55:34 BST 2020, 1, 4294967296, composition_rust_cooperman_ma_8MB, 1, 889044341555
Sat 27 Jun 00:31:29 BST 2020, 1, 4294967296, composition_rust_naive, 1, 169839526541
Sat 27 Jun 00:54:04 BST 2020, 1, 8589934592, composition_rust_cooperman_ma_128KB, 1, 1707085571720
Sat 27 Jun 02:04:58 BST 2020, 1, 8589934592, composition_rust_cooperman_ma_16KB, 1, 2190300656564
Sat 27 Jun 03:24:08 BST 2020, 1, 8589934592, composition_rust_cooperman_ma_16MB, 1, 2009642464237
Sat 27 Jun 04:40:30 BST 2020, 1, 8589934592, composition_rust_cooperman_ma_1MB, 1, 2123073065180
Sat 27 Jun 05:58:06 BST 2020, 1, 8589934592, composition_rust_cooperman_ma_256KB, 1, 2109574890664
Sat 27 Jun 07:15:38 BST 2020, 1, 8589934592, composition_rust_cooperman_ma_2MB, 1, 2569793559727
Sat 27 Jun 08:39:45 BST 2020, 1, 8589934592, composition_rust_cooperman_ma_32KB, 1, 2152150318434
Sat 27 Jun 09:57:47 BST 2020, 1, 8589934592, composition_rust_cooperman_ma_4MB, 1, 2579632171213
Sat 27 Jun 11:22:02 BST 2020, 1, 8589934592, composition_rust_cooperman_ma_512KB, 1, 2033936314135
Sat 27 Jun 12:36:43 BST 2020, 1, 8589934592, composition_rust_cooperman_ma_64KB, 1, 2270526095553
Sat 27 Jun 13:54:45 BST 2020, 1, 8589934592, composition_rust_cooperman_ma_8MB, 1, 2280595927358
Sat 27 Jun 15:15:14 BST 2020, 1, 8589934592, composition_rust_naive, 1, 1238666913185
