Executable, n, Repetition, CPU Time (ns), Iterations
composition_c_cooperman_ma_L1_768KB,1024, 1, 2072372628, 65536
composition_c_cooperman_ma_L1_768KB,1024, 2, 2086325384, 65536
composition_c_cooperman_ma_L1_768KB,1024, 3, 2056451551, 65536
composition_c_cooperman_ma_L1_768KB,1048576, 1, 1381888193, 32
composition_c_cooperman_ma_L1_768KB,1048576, 2, 1393469430, 32
composition_c_cooperman_ma_L1_768KB,1048576, 3, 1387443634, 32
composition_c_cooperman_ma_L1_768KB,128, 1, 1143972218, 262144
composition_c_cooperman_ma_L1_768KB,128, 2, 1092757834, 262144
composition_c_cooperman_ma_L1_768KB,128, 3, 1093476404, 262144
composition_c_cooperman_ma_L1_768KB,131072, 1, 1068941203, 256
composition_c_cooperman_ma_L1_768KB,131072, 2, 1096158626, 256
composition_c_cooperman_ma_L1_768KB,131072, 3, 1074598618, 256
composition_c_cooperman_ma_L1_768KB,16384, 1, 1907358934, 4096
composition_c_cooperman_ma_L1_768KB,16384, 2, 1913076078, 4096
composition_c_cooperman_ma_L1_768KB,16384, 3, 2014426963, 4096
composition_c_cooperman_ma_L1_768KB,16777216, 1, 1622465151, 2
composition_c_cooperman_ma_L1_768KB,16777216, 2, 1648444797, 2
composition_c_cooperman_ma_L1_768KB,16777216, 3, 1652865651, 2
composition_c_cooperman_ma_L1_768KB,16, 1, 1314443078, 2097152
composition_c_cooperman_ma_L1_768KB,16, 2, 1299315184, 2097152
composition_c_cooperman_ma_L1_768KB,16, 3, 1279609597, 2097152
composition_c_cooperman_ma_L1_768KB,1, 1, 1288354233, 8388608
composition_c_cooperman_ma_L1_768KB,1, 2, 1247811541, 8388608
composition_c_cooperman_ma_L1_768KB,1, 3, 1339902644, 8388608
composition_c_cooperman_ma_L1_768KB,2048, 1, 1999191369, 32768
composition_c_cooperman_ma_L1_768KB,2048, 2, 1928692188, 32768
composition_c_cooperman_ma_L1_768KB,2048, 3, 2287595773, 32768
composition_c_cooperman_ma_L1_768KB,2097152, 1, 1494521214, 16
composition_c_cooperman_ma_L1_768KB,2097152, 2, 1486334125, 16
composition_c_cooperman_ma_L1_768KB,2097152, 3, 1541664001, 16
composition_c_cooperman_ma_L1_768KB,256, 1, 1133999572, 131072
composition_c_cooperman_ma_L1_768KB,256, 2, 1086004710, 131072
composition_c_cooperman_ma_L1_768KB,256, 3, 1083533258, 131072
composition_c_cooperman_ma_L1_768KB,262144, 1, 1226664684, 128
composition_c_cooperman_ma_L1_768KB,262144, 2, 1232981035, 128
composition_c_cooperman_ma_L1_768KB,262144, 3, 1195814030, 128
composition_c_cooperman_ma_L1_768KB,2, 1, 1505215969, 8388608
composition_c_cooperman_ma_L1_768KB,2, 2, 1521457699, 8388608
composition_c_cooperman_ma_L1_768KB,2, 3, 1560427443, 8388608
composition_c_cooperman_ma_L1_768KB,32768, 1, 1950494686, 2048
composition_c_cooperman_ma_L1_768KB,32768, 2, 2173347372, 2048
composition_c_cooperman_ma_L1_768KB,32768, 3, 1952180191, 2048
composition_c_cooperman_ma_L1_768KB,32, 1, 1209094517, 1048576
composition_c_cooperman_ma_L1_768KB,32, 2, 1209884120, 1048576
composition_c_cooperman_ma_L1_768KB,32, 3, 1240721670, 1048576
composition_c_cooperman_ma_L1_768KB,33554432, 1, 1833976160, 1
composition_c_cooperman_ma_L1_768KB,33554432, 2, 1831536624, 1
composition_c_cooperman_ma_L1_768KB,33554432, 3, 1822893507, 1
composition_c_cooperman_ma_L1_768KB,4096, 1, 2045190830, 16384
composition_c_cooperman_ma_L1_768KB,4096, 2, 1933245505, 16384
composition_c_cooperman_ma_L1_768KB,4096, 3, 1956044911, 16384
composition_c_cooperman_ma_L1_768KB,4194304, 1, 1513890337, 8
composition_c_cooperman_ma_L1_768KB,4194304, 2, 1528607909, 8
composition_c_cooperman_ma_L1_768KB,4194304, 3, 1499681032, 8
composition_c_cooperman_ma_L1_768KB,4, 1, 1989044945, 8388608
composition_c_cooperman_ma_L1_768KB,4, 2, 1929430134, 8388608
composition_c_cooperman_ma_L1_768KB,4, 3, 1963455194, 8388608
composition_c_cooperman_ma_L1_768KB,512, 1, 1091540517, 65536
composition_c_cooperman_ma_L1_768KB,512, 2, 1110242301, 65536
composition_c_cooperman_ma_L1_768KB,512, 3, 1098612193, 65536
composition_c_cooperman_ma_L1_768KB,524288, 1, 1288256017, 64
composition_c_cooperman_ma_L1_768KB,524288, 2, 1295721909, 64
composition_c_cooperman_ma_L1_768KB,524288, 3, 1317763492, 64
composition_c_cooperman_ma_L1_768KB,64, 1, 1130887219, 524288
composition_c_cooperman_ma_L1_768KB,64, 2, 1143833258, 524288
composition_c_cooperman_ma_L1_768KB,64, 3, 1124551985, 524288
composition_c_cooperman_ma_L1_768KB,65536, 1, 1026768645, 512
composition_c_cooperman_ma_L1_768KB,65536, 2, 1202470014, 512
composition_c_cooperman_ma_L1_768KB,65536, 3, 1017999184, 512
composition_c_cooperman_ma_L1_768KB,67108864, 1, 4053548938, 1
composition_c_cooperman_ma_L1_768KB,67108864, 2, 4410195128, 1
composition_c_cooperman_ma_L1_768KB,67108864, 3, 4025989359, 1
composition_c_cooperman_ma_L1_768KB,8192, 1, 1932575257, 8192
composition_c_cooperman_ma_L1_768KB,8192, 2, 1936974983, 8192
composition_c_cooperman_ma_L1_768KB,8192, 3, 1950785595, 8192
composition_c_cooperman_ma_L1_768KB,8388608, 1, 1552599724, 4
composition_c_cooperman_ma_L1_768KB,8388608, 2, 1558474840, 4
composition_c_cooperman_ma_L1_768KB,8388608, 3, 1556926058, 4
composition_c_cooperman_ma_L1_768KB,8, 1, 1504908525, 4194304
composition_c_cooperman_ma_L1_768KB,8, 2, 1488594042, 4194304
composition_c_cooperman_ma_L1_768KB,8, 3, 1568225695, 4194304
composition_c_cooperman_ma_L2_L3_16MB,1024, 1, 1024833200, 32768
composition_c_cooperman_ma_L2_L3_16MB,1024, 2, 994942487, 32768
composition_c_cooperman_ma_L2_L3_16MB,1024, 3, 1051467300, 32768
composition_c_cooperman_ma_L2_L3_16MB,1048576, 1, 1339449314, 32
composition_c_cooperman_ma_L2_L3_16MB,1048576, 2, 1477080383, 32
composition_c_cooperman_ma_L2_L3_16MB,1048576, 3, 1302580104, 32
composition_c_cooperman_ma_L2_L3_16MB,128, 1, 1109036685, 262144
composition_c_cooperman_ma_L2_L3_16MB,128, 2, 1090378414, 262144
composition_c_cooperman_ma_L2_L3_16MB,128, 3, 1156026568, 262144
composition_c_cooperman_ma_L2_L3_16MB,131072, 1, 1078394228, 256
composition_c_cooperman_ma_L2_L3_16MB,131072, 2, 1106236394, 256
composition_c_cooperman_ma_L2_L3_16MB,131072, 3, 1118877182, 256
composition_c_cooperman_ma_L2_L3_16MB,16384, 1, 1988232039, 4096
composition_c_cooperman_ma_L2_L3_16MB,16384, 2, 1933315465, 4096
composition_c_cooperman_ma_L2_L3_16MB,16384, 3, 1968566416, 4096
composition_c_cooperman_ma_L2_L3_16MB,16777216, 1, 1610694319, 2
composition_c_cooperman_ma_L2_L3_16MB,16777216, 2, 1593754541, 2
composition_c_cooperman_ma_L2_L3_16MB,16777216, 3, 1612322292, 2
composition_c_cooperman_ma_L2_L3_16MB,16, 1, 1295927606, 2097152
composition_c_cooperman_ma_L2_L3_16MB,16, 2, 1285548621, 2097152
composition_c_cooperman_ma_L2_L3_16MB,16, 3, 1290153706, 2097152
composition_c_cooperman_ma_L2_L3_16MB,1, 1, 1220278782, 8388608
composition_c_cooperman_ma_L2_L3_16MB,1, 2, 1232724476, 8388608
composition_c_cooperman_ma_L2_L3_16MB,1, 3, 1317473159, 8388608
composition_c_cooperman_ma_L2_L3_16MB,2048, 1, 1923444809, 32768
composition_c_cooperman_ma_L2_L3_16MB,2048, 2, 2031786199, 32768
composition_c_cooperman_ma_L2_L3_16MB,2048, 3, 1961277765, 32768
composition_c_cooperman_ma_L2_L3_16MB,2097152, 1, 1420573857, 16
composition_c_cooperman_ma_L2_L3_16MB,2097152, 2, 1424195667, 16
composition_c_cooperman_ma_L2_L3_16MB,2097152, 3, 1409133404, 16
composition_c_cooperman_ma_L2_L3_16MB,256, 1, 1081580146, 131072
composition_c_cooperman_ma_L2_L3_16MB,256, 2, 1149993426, 131072
composition_c_cooperman_ma_L2_L3_16MB,256, 3, 1081756774, 131072
composition_c_cooperman_ma_L2_L3_16MB,262144, 1, 1181528987, 128
composition_c_cooperman_ma_L2_L3_16MB,262144, 2, 1219636893, 128
composition_c_cooperman_ma_L2_L3_16MB,262144, 3, 1298678240, 128
composition_c_cooperman_ma_L2_L3_16MB,2, 1, 1523846880, 8388608
composition_c_cooperman_ma_L2_L3_16MB,2, 2, 1595816097, 8388608
composition_c_cooperman_ma_L2_L3_16MB,2, 3, 1525034143, 8388608
composition_c_cooperman_ma_L2_L3_16MB,32768, 1, 1014984230, 1024
composition_c_cooperman_ma_L2_L3_16MB,32768, 2, 1009494661, 1024
composition_c_cooperman_ma_L2_L3_16MB,32768, 3, 977783758, 1024
composition_c_cooperman_ma_L2_L3_16MB,32, 1, 1219226529, 1048576
composition_c_cooperman_ma_L2_L3_16MB,32, 2, 1244563375, 1048576
composition_c_cooperman_ma_L2_L3_16MB,32, 3, 1205899395, 1048576
composition_c_cooperman_ma_L2_L3_16MB,33554432, 1, 1743772032, 1
composition_c_cooperman_ma_L2_L3_16MB,33554432, 2, 1768871991, 1
composition_c_cooperman_ma_L2_L3_16MB,33554432, 3, 1941951871, 1
composition_c_cooperman_ma_L2_L3_16MB,4096, 1, 2006633803, 16384
composition_c_cooperman_ma_L2_L3_16MB,4096, 2, 1951632796, 16384
composition_c_cooperman_ma_L2_L3_16MB,4096, 3, 1963582974, 16384
composition_c_cooperman_ma_L2_L3_16MB,4194304, 1, 1500678237, 8
composition_c_cooperman_ma_L2_L3_16MB,4194304, 2, 1500328478, 8
composition_c_cooperman_ma_L2_L3_16MB,4194304, 3, 1493931941, 8
composition_c_cooperman_ma_L2_L3_16MB,4, 1, 1003718443, 4194304
composition_c_cooperman_ma_L2_L3_16MB,4, 2, 963896499, 4194304
composition_c_cooperman_ma_L2_L3_16MB,4, 3, 969492730, 4194304
composition_c_cooperman_ma_L2_L3_16MB,512, 1, 1126083508, 65536
composition_c_cooperman_ma_L2_L3_16MB,512, 2, 1082693304, 65536
composition_c_cooperman_ma_L2_L3_16MB,512, 3, 1072766382, 65536
composition_c_cooperman_ma_L2_L3_16MB,524288, 1, 1249002828, 64
composition_c_cooperman_ma_L2_L3_16MB,524288, 2, 1227178509, 64
composition_c_cooperman_ma_L2_L3_16MB,524288, 3, 1200366924, 64
composition_c_cooperman_ma_L2_L3_16MB,64, 1, 1121336360, 524288
composition_c_cooperman_ma_L2_L3_16MB,64, 2, 1123577293, 524288
composition_c_cooperman_ma_L2_L3_16MB,64, 3, 1122042340, 524288
composition_c_cooperman_ma_L2_L3_16MB,65536, 1, 1116198302, 512
composition_c_cooperman_ma_L2_L3_16MB,65536, 2, 1041454024, 512
composition_c_cooperman_ma_L2_L3_16MB,65536, 3, 1040986504, 512
composition_c_cooperman_ma_L2_L3_16MB,67108864, 1, 3684773307, 1
composition_c_cooperman_ma_L2_L3_16MB,67108864, 2, 3679616447, 1
composition_c_cooperman_ma_L2_L3_16MB,67108864, 3, 3724373373, 1
composition_c_cooperman_ma_L2_L3_16MB,8192, 1, 1019252556, 4096
composition_c_cooperman_ma_L2_L3_16MB,8192, 2, 1025826485, 4096
composition_c_cooperman_ma_L2_L3_16MB,8192, 3, 991142189, 4096
composition_c_cooperman_ma_L2_L3_16MB,8388608, 1, 1539920666, 4
composition_c_cooperman_ma_L2_L3_16MB,8388608, 2, 1554783659, 4
composition_c_cooperman_ma_L2_L3_16MB,8388608, 3, 1521349676, 4
composition_c_cooperman_ma_L2_L3_16MB,8, 1, 1532124797, 4194304
composition_c_cooperman_ma_L2_L3_16MB,8, 2, 1496341310, 4194304
composition_c_cooperman_ma_L2_L3_16MB,8, 3, 1574092732, 4194304
composition_c_naive,1024, 1, 1159596886, 262144
composition_c_naive,1024, 2, 1268366805, 262144
composition_c_naive,1024, 3, 1211384068, 262144
composition_c_naive,1048576, 1, 1269030699, 64
composition_c_naive,1048576, 2, 1313408488, 64
composition_c_naive,1048576, 3, 1313555347, 64
composition_c_naive,128, 1, 1172281864, 2097152
composition_c_naive,128, 2, 1156458293, 2097152
composition_c_naive,128, 3, 1202249418, 2097152
composition_c_naive,131072, 1, 1934365298, 2048
composition_c_naive,131072, 2, 1951353514, 2048
composition_c_naive,131072, 3, 1974448611, 2048
composition_c_naive,16384, 1, 1421558006, 16384
composition_c_naive,16384, 2, 1541823203, 16384
composition_c_naive,16384, 3, 1405891443, 16384
composition_c_naive,16777216, 1, 1759179255, 4
composition_c_naive,16777216, 2, 1728233065, 4
composition_c_naive,16777216, 3, 1726784417, 4
composition_c_naive,16, 1, 1215311414, 16777216
composition_c_naive,16, 2, 1234662780, 16777216
composition_c_naive,16, 3, 1210542142, 16777216
composition_c_naive,1, 1, 1291141577, 134217728
composition_c_naive,1, 2, 1260816454, 134217728
composition_c_naive,1, 3, 1305828276, 134217728
composition_c_naive,2048, 1, 1347327821, 131072
composition_c_naive,2048, 2, 1305555207, 131072
composition_c_naive,2048, 3, 1291853155, 131072
composition_c_naive,2097152, 1, 1565044020, 32
composition_c_naive,2097152, 2, 1555390266, 32
composition_c_naive,2097152, 3, 1578056459, 32
composition_c_naive,256, 1, 1144548821, 1048576
composition_c_naive,256, 2, 1158810806, 1048576
composition_c_naive,256, 3, 1148434686, 1048576
composition_c_naive,262144, 1, 1197657232, 512
composition_c_naive,262144, 2, 1202703816, 512
composition_c_naive,262144, 3, 1203984564, 512
composition_c_naive,2, 1, 1858235845, 134217728
composition_c_naive,2, 2, 1867172557, 134217728
composition_c_naive,2, 3, 1929017731, 134217728
composition_c_naive,32768, 1, 1704952744, 8192
composition_c_naive,32768, 2, 1508559576, 8192
composition_c_naive,32768, 3, 1511075711, 8192
composition_c_naive,32, 1, 1239042700, 8388608
composition_c_naive,32, 2, 1271334053, 8388608
composition_c_naive,32, 3, 1228849985, 8388608
composition_c_naive,33554432, 1, 1833491668, 2
composition_c_naive,33554432, 2, 1808148906, 2
composition_c_naive,33554432, 3, 1816800220, 2
composition_c_naive,4096, 1, 1435073289, 65536
composition_c_naive,4096, 2, 1439871286, 65536
composition_c_naive,4096, 3, 1434134538, 65536
composition_c_naive,4194304, 1, 1666642244, 16
composition_c_naive,4194304, 2, 1666225575, 16
composition_c_naive,4194304, 3, 1654952636, 16
composition_c_naive,4, 1, 1518525902, 67108864
composition_c_naive,4, 2, 1442201608, 67108864
composition_c_naive,4, 3, 1542289286, 67108864
composition_c_naive,512, 1, 1137770121, 524288
composition_c_naive,512, 2, 1141437284, 524288
composition_c_naive,512, 3, 1138931498, 524288
composition_c_naive,524288, 1, 1594097473, 256
composition_c_naive,524288, 2, 1593569764, 256
composition_c_naive,524288, 3, 1621331315, 256
composition_c_naive,64, 1, 1211146741, 4194304
composition_c_naive,64, 2, 1219937545, 4194304
composition_c_naive,64, 3, 1184998956, 4194304
composition_c_naive,65536, 1, 1023614666, 2048
composition_c_naive,65536, 2, 871020346, 2048
composition_c_naive,65536, 3, 861666337, 2048
composition_c_naive,67108864, 1, 1912251643, 1
composition_c_naive,67108864, 2, 1896174591, 1
composition_c_naive,67108864, 3, 1877868489, 1
composition_c_naive,8192, 1, 1677122635, 32768
composition_c_naive,8192, 2, 1492511575, 32768
composition_c_naive,8192, 3, 1937871225, 32768
composition_c_naive,8388608, 1, 1712431131, 8
composition_c_naive,8388608, 2, 1690934974, 8
composition_c_naive,8388608, 3, 1691476900, 8
composition_c_naive,8, 1, 1323004023, 33554432
composition_c_naive,8, 2, 1305869089, 33554432
composition_c_naive,8, 3, 1316093355, 33554432
composition_rust_cooperman_ma_L1_768KB,1024, 1, 1748536233, 131072
composition_rust_cooperman_ma_L1_768KB,1024, 2, 1533720014, 131072
composition_rust_cooperman_ma_L1_768KB,1024, 3, 1513372092, 131072
composition_rust_cooperman_ma_L1_768KB,1048576, 1, 1334312559, 64
composition_rust_cooperman_ma_L1_768KB,1048576, 2, 1321079245, 64
composition_rust_cooperman_ma_L1_768KB,1048576, 3, 1332235714, 64
composition_rust_cooperman_ma_L1_768KB,128, 1, 1651127308, 1048576
composition_rust_cooperman_ma_L1_768KB,128, 2, 1651617098, 1048576
composition_rust_cooperman_ma_L1_768KB,128, 3, 1769193444, 1048576
composition_rust_cooperman_ma_L1_768KB,131072, 1, 1746476409, 1024
composition_rust_cooperman_ma_L1_768KB,131072, 2, 1742545640, 1024
composition_rust_cooperman_ma_L1_768KB,131072, 3, 1762683218, 1024
composition_rust_cooperman_ma_L1_768KB,16384, 1, 1568540868, 8192
composition_rust_cooperman_ma_L1_768KB,16384, 2, 1559936244, 8192
composition_rust_cooperman_ma_L1_768KB,16384, 3, 1604494255, 8192
composition_rust_cooperman_ma_L1_768KB,16777216, 1, 1748338337, 4
composition_rust_cooperman_ma_L1_768KB,16777216, 2, 1749740956, 4
composition_rust_cooperman_ma_L1_768KB,16777216, 3, 1749078388, 4
composition_rust_cooperman_ma_L1_768KB,16, 1, 1843437452, 4194304
composition_rust_cooperman_ma_L1_768KB,16, 2, 1796232621, 4194304
composition_rust_cooperman_ma_L1_768KB,16, 3, 1788225926, 4194304
composition_rust_cooperman_ma_L1_768KB,1, 1, 1102776811, 8388608
composition_rust_cooperman_ma_L1_768KB,1, 2, 1106409476, 8388608
composition_rust_cooperman_ma_L1_768KB,1, 3, 1093703845, 8388608
composition_rust_cooperman_ma_L1_768KB,2048, 1, 1615529841, 65536
composition_rust_cooperman_ma_L1_768KB,2048, 2, 1496607033, 65536
composition_rust_cooperman_ma_L1_768KB,2048, 3, 1602911918, 65536
composition_rust_cooperman_ma_L1_768KB,2097152, 1, 1531398748, 32
composition_rust_cooperman_ma_L1_768KB,2097152, 2, 1525811240, 32
composition_rust_cooperman_ma_L1_768KB,2097152, 3, 1526284380, 32
composition_rust_cooperman_ma_L1_768KB,256, 1, 1546921737, 524288
composition_rust_cooperman_ma_L1_768KB,256, 2, 1573618983, 524288
composition_rust_cooperman_ma_L1_768KB,256, 3, 1873512043, 524288
composition_rust_cooperman_ma_L1_768KB,262144, 1, 1958485017, 512
composition_rust_cooperman_ma_L1_768KB,262144, 2, 1975907785, 512
composition_rust_cooperman_ma_L1_768KB,262144, 3, 1966136384, 512
composition_rust_cooperman_ma_L1_768KB,2, 1, 1194479971, 8388608
composition_rust_cooperman_ma_L1_768KB,2, 2, 1182306092, 8388608
composition_rust_cooperman_ma_L1_768KB,2, 3, 1179455567, 8388608
composition_rust_cooperman_ma_L1_768KB,32768, 1, 1578434605, 4096
composition_rust_cooperman_ma_L1_768KB,32768, 2, 1577024637, 4096
composition_rust_cooperman_ma_L1_768KB,32768, 3, 1579922665, 4096
composition_rust_cooperman_ma_L1_768KB,32, 1, 1316208337, 2097152
composition_rust_cooperman_ma_L1_768KB,32, 2, 1277636945, 2097152
composition_rust_cooperman_ma_L1_768KB,32, 3, 1255626157, 2097152
composition_rust_cooperman_ma_L1_768KB,33554432, 1, 1019662133, 1
composition_rust_cooperman_ma_L1_768KB,33554432, 2, 1017924474, 1
composition_rust_cooperman_ma_L1_768KB,33554432, 3, 1020013463, 1
composition_rust_cooperman_ma_L1_768KB,4096, 1, 1564224973, 32768
composition_rust_cooperman_ma_L1_768KB,4096, 2, 1546674530, 32768
composition_rust_cooperman_ma_L1_768KB,4096, 3, 1656567328, 32768
composition_rust_cooperman_ma_L1_768KB,4194304, 1, 1613153824, 16
composition_rust_cooperman_ma_L1_768KB,4194304, 2, 1638279766, 16
composition_rust_cooperman_ma_L1_768KB,4194304, 3, 1615326374, 16
composition_rust_cooperman_ma_L1_768KB,4, 1, 1404199037, 8388608
composition_rust_cooperman_ma_L1_768KB,4, 2, 1387920896, 8388608
composition_rust_cooperman_ma_L1_768KB,4, 3, 1393281417, 8388608
composition_rust_cooperman_ma_L1_768KB,512, 1, 1511812881, 262144
composition_rust_cooperman_ma_L1_768KB,512, 2, 2091598629, 262144
composition_rust_cooperman_ma_L1_768KB,512, 3, 1509124593, 262144
composition_rust_cooperman_ma_L1_768KB,524288, 1, 1243439758, 128
composition_rust_cooperman_ma_L1_768KB,524288, 2, 1220523304, 128
composition_rust_cooperman_ma_L1_768KB,524288, 3, 1209155287, 128
composition_rust_cooperman_ma_L1_768KB,64, 1, 1970791195, 2097152
composition_rust_cooperman_ma_L1_768KB,64, 2, 1949248116, 2097152
composition_rust_cooperman_ma_L1_768KB,64, 3, 2020766378, 2097152
composition_rust_cooperman_ma_L1_768KB,65536, 1, 1621103051, 2048
composition_rust_cooperman_ma_L1_768KB,65536, 2, 1591421479, 2048
composition_rust_cooperman_ma_L1_768KB,65536, 3, 1593634570, 2048
composition_rust_cooperman_ma_L1_768KB,67108864, 1, 2357832421, 1
composition_rust_cooperman_ma_L1_768KB,67108864, 2, 2333896822, 1
composition_rust_cooperman_ma_L1_768KB,67108864, 3, 2321722369, 1
composition_rust_cooperman_ma_L1_768KB,8192, 1, 1811789147, 16384
composition_rust_cooperman_ma_L1_768KB,8192, 2, 1888606391, 16384
composition_rust_cooperman_ma_L1_768KB,8192, 3, 1921209123, 16384
composition_rust_cooperman_ma_L1_768KB,8388608, 1, 1684747081, 8
composition_rust_cooperman_ma_L1_768KB,8388608, 2, 1661744477, 8
composition_rust_cooperman_ma_L1_768KB,8388608, 3, 1664049369, 8
composition_rust_cooperman_ma_L1_768KB,8, 1, 1827306529, 8388608
composition_rust_cooperman_ma_L1_768KB,8, 2, 1858507630, 8388608
composition_rust_cooperman_ma_L1_768KB,8, 3, 1795370554, 8388608
composition_rust_cooperman_ma_L2_L3_16MB,1024, 1, 1499641541, 131072
composition_rust_cooperman_ma_L2_L3_16MB,1024, 2, 1534704199, 131072
composition_rust_cooperman_ma_L2_L3_16MB,1024, 3, 1742799021, 131072
composition_rust_cooperman_ma_L2_L3_16MB,1048576, 1, 1269755291, 64
composition_rust_cooperman_ma_L2_L3_16MB,1048576, 2, 1268101752, 64
composition_rust_cooperman_ma_L2_L3_16MB,1048576, 3, 1264083061, 64
composition_rust_cooperman_ma_L2_L3_16MB,128, 1, 1681661351, 1048576
composition_rust_cooperman_ma_L2_L3_16MB,128, 2, 1679043617, 1048576
composition_rust_cooperman_ma_L2_L3_16MB,128, 3, 1694163919, 1048576
composition_rust_cooperman_ma_L2_L3_16MB,131072, 1, 1743988698, 1024
composition_rust_cooperman_ma_L2_L3_16MB,131072, 2, 1730119036, 1024
composition_rust_cooperman_ma_L2_L3_16MB,131072, 3, 1744170261, 1024
composition_rust_cooperman_ma_L2_L3_16MB,16384, 1, 1561923207, 8192
composition_rust_cooperman_ma_L2_L3_16MB,16384, 2, 1564072478, 8192
composition_rust_cooperman_ma_L2_L3_16MB,16384, 3, 1531622896, 8192
composition_rust_cooperman_ma_L2_L3_16MB,16777216, 1, 1546247820, 4
composition_rust_cooperman_ma_L2_L3_16MB,16777216, 2, 1544530297, 4
composition_rust_cooperman_ma_L2_L3_16MB,16777216, 3, 1695027013, 4
composition_rust_cooperman_ma_L2_L3_16MB,16, 1, 1016588815, 2097152
composition_rust_cooperman_ma_L2_L3_16MB,16, 2, 918208957, 2097152
composition_rust_cooperman_ma_L2_L3_16MB,16, 3, 893322748, 2097152
composition_rust_cooperman_ma_L2_L3_16MB,1, 1, 1208584176, 8388608
composition_rust_cooperman_ma_L2_L3_16MB,1, 2, 1180265312, 8388608
composition_rust_cooperman_ma_L2_L3_16MB,1, 3, 1103774809, 8388608
composition_rust_cooperman_ma_L2_L3_16MB,2048, 1, 1499169815, 65536
composition_rust_cooperman_ma_L2_L3_16MB,2048, 2, 1796753694, 65536
composition_rust_cooperman_ma_L2_L3_16MB,2048, 3, 1786438150, 65536
composition_rust_cooperman_ma_L2_L3_16MB,2097152, 1, 1349842082, 32
composition_rust_cooperman_ma_L2_L3_16MB,2097152, 2, 1340935751, 32
composition_rust_cooperman_ma_L2_L3_16MB,2097152, 3, 1354528772, 32
composition_rust_cooperman_ma_L2_L3_16MB,256, 1, 1544550892, 524288
composition_rust_cooperman_ma_L2_L3_16MB,256, 2, 1555585346, 524288
composition_rust_cooperman_ma_L2_L3_16MB,256, 3, 1552068824, 524288
composition_rust_cooperman_ma_L2_L3_16MB,262144, 1, 1998605117, 512
composition_rust_cooperman_ma_L2_L3_16MB,262144, 2, 1978995968, 512
composition_rust_cooperman_ma_L2_L3_16MB,262144, 3, 1986175107, 512
composition_rust_cooperman_ma_L2_L3_16MB,2, 1, 1180943146, 8388608
composition_rust_cooperman_ma_L2_L3_16MB,2, 2, 1203049482, 8388608
composition_rust_cooperman_ma_L2_L3_16MB,2, 3, 1178808915, 8388608
composition_rust_cooperman_ma_L2_L3_16MB,32768, 1, 1586981395, 4096
composition_rust_cooperman_ma_L2_L3_16MB,32768, 2, 1578706441, 4096
composition_rust_cooperman_ma_L2_L3_16MB,32768, 3, 1595385600, 4096
composition_rust_cooperman_ma_L2_L3_16MB,32, 1, 1373710967, 2097152
composition_rust_cooperman_ma_L2_L3_16MB,32, 2, 1283532548, 2097152
composition_rust_cooperman_ma_L2_L3_16MB,32, 3, 1282891688, 2097152
composition_rust_cooperman_ma_L2_L3_16MB,33554432, 1, 1736806103, 2
composition_rust_cooperman_ma_L2_L3_16MB,33554432, 2, 1700180878, 2
composition_rust_cooperman_ma_L2_L3_16MB,33554432, 3, 1700556052, 2
composition_rust_cooperman_ma_L2_L3_16MB,4096, 1, 1731005350, 32768
composition_rust_cooperman_ma_L2_L3_16MB,4096, 2, 1655633369, 32768
composition_rust_cooperman_ma_L2_L3_16MB,4096, 3, 1883415365, 32768
composition_rust_cooperman_ma_L2_L3_16MB,4194304, 1, 1473570861, 16
composition_rust_cooperman_ma_L2_L3_16MB,4194304, 2, 1482646005, 16
composition_rust_cooperman_ma_L2_L3_16MB,4194304, 3, 1478928352, 16
composition_rust_cooperman_ma_L2_L3_16MB,4, 1, 1407869175, 8388608
composition_rust_cooperman_ma_L2_L3_16MB,4, 2, 1427904777, 8388608
composition_rust_cooperman_ma_L2_L3_16MB,4, 3, 1386259275, 8388608
composition_rust_cooperman_ma_L2_L3_16MB,512, 1, 1588247028, 262144
composition_rust_cooperman_ma_L2_L3_16MB,512, 2, 1498989118, 262144
composition_rust_cooperman_ma_L2_L3_16MB,512, 3, 1500073802, 262144
composition_rust_cooperman_ma_L2_L3_16MB,524288, 1, 1121903008, 128
composition_rust_cooperman_ma_L2_L3_16MB,524288, 2, 1123919473, 128
composition_rust_cooperman_ma_L2_L3_16MB,524288, 3, 1123658142, 128
composition_rust_cooperman_ma_L2_L3_16MB,64, 1, 2016277935, 2097152
composition_rust_cooperman_ma_L2_L3_16MB,64, 2, 1959380376, 2097152
composition_rust_cooperman_ma_L2_L3_16MB,64, 3, 1936848245, 2097152
composition_rust_cooperman_ma_L2_L3_16MB,65536, 1, 1673725209, 2048
composition_rust_cooperman_ma_L2_L3_16MB,65536, 2, 1640151690, 2048
composition_rust_cooperman_ma_L2_L3_16MB,65536, 3, 1640340792, 2048
composition_rust_cooperman_ma_L2_L3_16MB,67108864, 1, 2665858505, 1
composition_rust_cooperman_ma_L2_L3_16MB,67108864, 2, 1841295154, 1
composition_rust_cooperman_ma_L2_L3_16MB,67108864, 3, 1843340148, 1
composition_rust_cooperman_ma_L2_L3_16MB,8192, 1, 1754214984, 16384
composition_rust_cooperman_ma_L2_L3_16MB,8192, 2, 1779645106, 16384
composition_rust_cooperman_ma_L2_L3_16MB,8192, 3, 1685923469, 16384
composition_rust_cooperman_ma_L2_L3_16MB,8388608, 1, 1527591341, 8
composition_rust_cooperman_ma_L2_L3_16MB,8388608, 2, 1504188427, 8
composition_rust_cooperman_ma_L2_L3_16MB,8388608, 3, 1525571631, 8
composition_rust_cooperman_ma_L2_L3_16MB,8, 1, 1768312999, 8388608
composition_rust_cooperman_ma_L2_L3_16MB,8, 2, 1788432289, 8388608
composition_rust_cooperman_ma_L2_L3_16MB,8, 3, 1768056929, 8388608
composition_rust_naive,1024, 1, 1997534993, 2097152
composition_rust_naive,1024, 2, 1990411747, 2097152
composition_rust_naive,1024, 3, 1982100869, 2097152
composition_rust_naive,1048576, 1, 1000801896, 128
composition_rust_naive,1048576, 2, 1024673321, 128
composition_rust_naive,1048576, 3, 1024467073, 128
composition_rust_naive,128, 1, 1332928196, 16777216
composition_rust_naive,128, 2, 1330279958, 16777216
composition_rust_naive,128, 3, 1317550683, 16777216
composition_rust_naive,131072, 1, 1463625749, 4096
composition_rust_naive,131072, 2, 1506962933, 4096
composition_rust_naive,131072, 3, 1439293509, 4096
composition_rust_naive,16384, 1, 1127722916, 32768
composition_rust_naive,16384, 2, 1180276008, 32768
composition_rust_naive,16384, 3, 1191722854, 32768
composition_rust_naive,16777216, 1, 1393594957, 8
composition_rust_naive,16777216, 2, 1375504976, 8
composition_rust_naive,16777216, 3, 1375134005, 8
composition_rust_naive,16, 1, 1615641959, 134217728
composition_rust_naive,16, 2, 1613109031, 134217728
composition_rust_naive,16, 3, 1614241909, 134217728
composition_rust_naive,1, 1, 1213080553, 268435456
composition_rust_naive,1, 2, 1210297980, 268435456
composition_rust_naive,1, 3, 1282945267, 268435456
composition_rust_naive,2048, 1, 1362800765, 524288
composition_rust_naive,2048, 2, 1386631843, 524288
composition_rust_naive,2048, 3, 1330817098, 524288
composition_rust_naive,2097152, 1, 1189264646, 64
composition_rust_naive,2097152, 2, 1190184263, 64
composition_rust_naive,2097152, 3, 1184927398, 64
composition_rust_naive,256, 1, 1339530222, 8388608
composition_rust_naive,256, 2, 1279154570, 8388608
composition_rust_naive,256, 3, 1282778389, 8388608
composition_rust_naive,262144, 1, 1041962387, 1024
composition_rust_naive,262144, 2, 1030563485, 1024
composition_rust_naive,262144, 3, 1031475859, 1024
composition_rust_naive,2, 1, 1566531335, 268435456
composition_rust_naive,2, 2, 1544490116, 268435456
composition_rust_naive,2, 3, 1529347424, 268435456
composition_rust_naive,32768, 1, 1144588387, 16384
composition_rust_naive,32768, 2, 1142352057, 16384
composition_rust_naive,32768, 3, 1142079170, 16384
composition_rust_naive,32, 1, 1402345185, 67108864
composition_rust_naive,32, 2, 1405261953, 67108864
composition_rust_naive,32, 3, 1368732469, 67108864
composition_rust_naive,33554432, 1, 1418946750, 4
composition_rust_naive,33554432, 2, 1433183849, 4
composition_rust_naive,33554432, 3, 1426712696, 4
composition_rust_naive,4096, 1, 1929019143, 262144
composition_rust_naive,4096, 2, 1960121070, 262144
composition_rust_naive,4096, 3, 1908729120, 262144
composition_rust_naive,4194304, 1, 1287388930, 32
composition_rust_naive,4194304, 2, 1274750820, 32
composition_rust_naive,4194304, 3, 1289262055, 32
composition_rust_naive,4, 1, 1516839097, 268435456
composition_rust_naive,4, 2, 1507092602, 268435456
composition_rust_naive,4, 3, 1489309955, 268435456
composition_rust_naive,512, 1, 1224443478, 4194304
composition_rust_naive,512, 2, 1230493873, 4194304
composition_rust_naive,512, 3, 1290140222, 4194304
composition_rust_naive,524288, 1, 1551422287, 512
composition_rust_naive,524288, 2, 1565029502, 512
composition_rust_naive,524288, 3, 1552753864, 512
composition_rust_naive,64, 1, 1291630485, 33554432
composition_rust_naive,64, 2, 1278821054, 33554432
composition_rust_naive,64, 3, 1283827411, 33554432
composition_rust_naive,65536, 1, 1193744666, 8192
composition_rust_naive,65536, 2, 1189624452, 8192
composition_rust_naive,65536, 3, 1198913737, 8192
composition_rust_naive,67108864, 1, 1486209038, 2
composition_rust_naive,67108864, 2, 1488279987, 2
composition_rust_naive,67108864, 3, 1491183994, 2
composition_rust_naive,8192, 1, 1087517748, 65536
composition_rust_naive,8192, 2, 1116242453, 65536
composition_rust_naive,8192, 3, 1056060174, 65536
composition_rust_naive,8388608, 1, 1333079304, 16
composition_rust_naive,8388608, 2, 1346563503, 16
composition_rust_naive,8388608, 3, 1346499169, 16
composition_rust_naive,8, 1, 1105072149, 134217728
composition_rust_naive,8, 2, 1041474830, 134217728
composition_rust_naive,8, 3, 1044067642, 134217728
